idx,titulo,subgeneros,inicio_sinopsis,temas,url_libro
0,Misteriosa noche de paz,Policíaco,¿Será capaz Hércules Poirot de resolver un misterioso asesinato a tiempo para celebrar la navidad? 19 de diciembre de 1931. Hércules Poirot y el inspector Edward Catchpool son requeridos por,,https://ww3.lectulandia.co/book/misteriosa-noche-de-paz/
1,Yo no soy Sherlock Holmes,Policíaco,"Arthur Conan Doyle, el famoso creador de Sherlock Holmes, pide ayuda a Agatha Christie. Está enfermo y a las puertas de la muerte; antes de marchar quiere solucionar un asunto",,https://ww3.lectulandia.co/book/yo-no-soy-sherlock-holmes/
2,Réquiem,Policíaco,"Cuando Wanda Stroud, una bibliotecaria jubilada, vuela de regreso a Los Ángeles desde Ciudad de México, ve algo inquietante en el ordenador portátil del pasajero que tiene delante. Al día",,https://ww3.lectulandia.co/book/requiem-rick-mofina/
3,Mentira,-,"Mi trabajo es mentir, pero contigo no voy a hacerlo. Respeto demasiado tu inteligencia. O quizás es el miedo a la muerte inminente lo que hace que te diga la",,https://ww3.lectulandia.co/book/mentira-juan-gomez-jurado/
4,El aprendiz de carnicero,Psicológico,"Francie Brady no es como los demás chicos. El suicidio de su madre, un padre fracasado y borracho, la perversión de quienes tienen la responsabilidad de reformarlo, una sociedad pequeña",,https://ww3.lectulandia.co/book/el-aprendiz-de-carnicero/
5,El enigma romano,-,"Una carrera contrarreloj para descubrir la verdad, con el futuro de un viejo amigo en juego. Roma, 1923. Las vacaciones de Rex y Dora terminan bruscamente cuando reciben un mensaje",,https://ww3.lectulandia.co/book/el-enigma-romano/
6,El novio,Psicológico,"Ella busca al hombre perfecto. Él busca a la víctima perfecta. Sydney Shaw, como todas las mujeres solteras de Nueva York, tiene una suerte nefasta con las citas. Lo ha",,https://ww3.lectulandia.co/book/el-novio/
7,La muñeca encadenada,Policíaco,"Paul Sherman, agente de la Oficina de Estupefacientes de Interpol, llega a Ámsterdam con una misión muy concreta: poner al descubierto una poderosa organización internacional dedicada al tráfico de heroína.",,https://ww3.lectulandia.co/book/la-muneca-encadenada/
8,Hundida,Policíaco,"Sus palabras solían causar absoluta devoción, pero una reacción viral en contra de su última adaptación cinematográfica obliga a la escritora Petra Rose a tomarse un descanso. Señalada como un",,https://ww3.lectulandia.co/book/hundida/
9,Maldito Mr. White,Erótico/Humor/Romántico,"¿Qué es lo peor que te puede pasar cuando canalizas todo tu odio laboral en una cuenta de Instagram llamada @MalditoJefe? Yo te lo digo, que tu jefe, el heredero",,https://ww3.lectulandia.co/book/maldito-mr-white/
10,La extinción de Irena Rey,-,"Un thriller literario fascinante sobre los entresijos de la escritura y la traducción. La gran escritora polaca Irena Rey, novelista genial y eminente cuyo nombre suena cada año en las",,https://ww3.lectulandia.co/book/la-extincion-de-irena-rey/
11,Objetos perdidos,Realista,"Una ciudad convertida en personaje, Barcelona, un local turbio que parece otro, el Donna Summer, y un experto en encontrar personas, Álex Gual, lo mismo atrapado en la atracción por",,https://ww3.lectulandia.co/book/objetos-perdidos/
12,Corazón de perro,-,"Elena fue la última en desaparecer. Trece años atrás, subió a un todoterreno blanco conducido por un hombre sin cejas. Nunca volvió. El caso se cerró con rapidez: Dalmau, el",,https://ww3.lectulandia.co/book/corazon-de-perro-alvaro-garcia-hernandez/
13,El reloj del fin del mundo,-,"Ante la inminente inauguración de El Reloj del Fin del Mundo, la aparición de un cadáver en las inmediaciones de la Laguna Negra rompe con la tranquilidad de Sotillo de",,https://ww3.lectulandia.co/book/el-reloj-del-fin-del-mundo/
14,48 pistas sobre la desaparición de mi hermana,-,"La bella Marguerite desaparece repentinamente de su pequeño pueblo en el norte del estado de Nueva York, pero las causas no están del todo claras. ¿Hubo alguien más involucrado? ¿O",,https://ww3.lectulandia.co/book/48-pistas-sobre-la-desaparicion-de-mi-hermana/
15,Segundas intenciones,Policíaco,"En un pequeño pueblo del sur muere asesinado un próspero empresario, Álvaro Muñoz Estrada. Tres mujeres se perfilan como las principales sospechosas: Mariola, exmujer de Álvaro, resentida por su infidelidad;",,https://ww3.lectulandia.co/book/segundas-intenciones/
16,Veintitrés fotografías,Romántico,"Sol es una publicista de treinta y ocho años en plena crisis laboral y sentimental. Un día, por impulso, compra una cámara analógica en el Rastro madrileño. Cuando revela el",,https://ww3.lectulandia.co/book/veintitres-fotografias/
17,Noche letal,-,"En la sala de autopsias, la forense Julia Schwarz es infalible. Sus colegas la llaman la «Dama de Hielo»: fría, metódica, inquebrantable. Pero esa frialdad es solo una fachada. Por",,https://ww3.lectulandia.co/book/noche-letal/
18,Una línea sutil,-,Pamela Bichon ha sido asesinada brutalmente. Su cuerpo se encontró en una casa deshabitada en los pantanos de Luisiana; sus ojos sin vida miraban al vacío a través de las,,https://ww3.lectulandia.co/book/una-linea-sutil/
19,Asesinato en el Parlamento,-,"Un asesinato en la Cámara de los Comunes atrae todas las miradas hacia el extranjero. Pero ¿y si el asesino estuviera más cerca de lo que se piensa? Londres, 1924.",,https://ww3.lectulandia.co/book/asesinato-en-el-parlamento/
20,La librera,-,"Tus secretos están a salvo con la librera. Soy Daphne Wood, la librera de Castle Combe. Mi vida era apacible hasta que el autor superventas Jill Holland se mudó al",,https://ww3.lectulandia.co/book/la-librera/
21,La sangre,Histórico,"Nueva Orleans, 1897. Es la popular noche de Mardi Gras, y Alexander Le Bois, heredero de una de las familias más importantes de la ciudad, empieza a manifestar unos extraños",,https://ww3.lectulandia.co/book/la-sangre-fernando-garcia-ballesteros/
22,El caso frío misterioso,-,"¿Podrán Dora y Rex resolver este caso sin resolver sin meterse en problemas? Londres, 1923. En un comedor de Mayfair, Theodora Laurent y lord Rex Bankes-Fernsby hacen un descubrimiento increíble.",,https://ww3.lectulandia.co/book/el-caso-frio-misterioso/
23,Mantis,Policíaco,"Un gigantesco centro logístico del tamaño de varios campos de fútbol, situado en mitad de un páramo, en la Alcarria, a cien kilómetros de Madrid. La muerte extraña de uno",,https://ww3.lectulandia.co/book/mantis-francisco-bescos/
24,Déjame en las sombras,Aventuras,"Alejado de su antigua vida frenética, Juan Lecuona —exguerrillero, exespía, exiliado y ladrón de guante blanco— vive ahora la Niza de los casinos, los yates y el lujo desmedido, en",,https://ww3.lectulandia.co/book/dejame-en-las-sombras/
25,El juicio,Histórico,"1799, Madrid. Francisco de Goya y Lucientes, pintor de cámara del rey, publica un libro con ochenta enigmáticas imágenes titulado Los Caprichos. El contenido de sus páginas —una afilada crítica",,https://ww3.lectulandia.co/book/el-juicio-luis-zueco/
26,La otra bella durmiente,Psicológico,"Miles Van Meter está en plena gira de promoción de «La bella durmiente», un libro escrito por él y basado en un hecho real, que narra la historia del asesino",,https://ww3.lectulandia.co/book/la-otra-bella-durmiente/
27,Muerte en el túnel,Policíaco,"A principios del siglo veintiuno, y obligados por una ola de terrorismo a buscar una alternativa al transporte aéreo, los Estados Unidos emprenden la perforación del túnel más largo del",,https://ww3.lectulandia.co/book/muerte-en-el-tunel/
28,Con el diablo en la sangre,Romántico,"Hay apellidos que son promesas. Y otros que son condenas. Hace diez años, Chiara Russo desapareció la noche en que su padre fue señalado como traidor. Desde entonces vive con",,https://ww3.lectulandia.co/book/con-el-diablo-en-la-sangre/
29,Falsa alarma,-,"Lo único que deseaba la abogada Laurel Chandler era un escondite para escapar de los dolorosos recuerdos de un caso que había destruído su carrera, su matrimonio y, casi, su",,https://ww3.lectulandia.co/book/falsa-alarma/
30,Doble juego mortal,-,"Un enemigo se esconde en el círculo íntimo del príncipe. Hará cualquier cosa para escapar de la justicia… incluso cometer un asesinato. Inglaterra, 1923. El amor está en el aire",,https://ww3.lectulandia.co/book/doble-juego-mortal/
31,La taberna de los asesinos,-,"Año del señor de 1793, Gran Ducado de Toscana. En un amanecer invernal, los viñedos del barón Calendimarca se convierten en el escenario de un asesinato. No solo se trata",,https://ww3.lectulandia.co/book/la-taberna-de-los-asesinos/
32,A la sombra de la tormenta,Policíaco,"El incendio de una granja ilumina la noche de Marbäck, un pequeño pueblo de Suecia. Entre las cenizas han encontrado el cuerpo de una joven muerta. Asesinada. El incendio marca",,https://ww3.lectulandia.co/book/a-la-sombra-de-la-tormenta/
33,Tiburón II,-,"Hace unos años, Amity, una localidad de veraneo en la costa de Long Island, sufrió los ataques de un gran tiburón blanco… Al final, el Jefe de Policía, Martin Brody,",,https://ww3.lectulandia.co/book/tiburon-ii/
34,En la oscuridad,Policíaco,"Samantha Moore, una universitaria de Queens, de camino a Canadá con su novio para empezar una nueva vida cuando desaparece sin dejar rastro en un pequeño motel de Vermont. Su",,https://ww3.lectulandia.co/book/en-la-oscuridad-2/
35,Por causa de locura,Psicológico,"Thomas Bishop, un siniestro personaje emparentado con los Manson, Chessman, Jack el Destripador y toda esa galaxia de celebridades que han asombrado el mundo con sus ejecutorias vesánicas. Bishop fue",,https://ww3.lectulandia.co/book/por-causa-de-locura/
36,El editor,-,"Un editor de éxito recibe un texto anónimo inquietante: una historia real aterradora. Ansioso por descubrir la identidad de ese nuevo talento narrativo, que comparte con él su mayor secreto,",,https://ww3.lectulandia.co/book/el-editor-pablo-rivero/
37,Muerte encubierta,-,"Fueron enviados para desenmascarar a un espía entre ellos. En su lugar, tendrán que identificar a su asesino. Londres, 1922. Después de sus aventuras en Westminster, Dora y Rex parten",,https://ww3.lectulandia.co/book/muerte-encubierta/
38,La canción de Hands,Aventuras/Histórico,"Armando Villalobos, un restaurador de muebles acosado por las deudas de juego, se topa por azar con documentos cifrados del legendario tesoro de Barbanegra. En su lucha por cambiar su",,https://ww3.lectulandia.co/book/la-cancion-de-hands/
39,El paciente,-,La doctora Jessie Copeland es una experta neurocirujana que está perfeccionando una tecnología revolucionaria para operar tumores cerebrales con un robot. Pero su innovador trabajo atrae la atención de un,,https://ww3.lectulandia.co/book/el-paciente-michael-palmer/
40,La mujer del asesino,-,"Jessica Yardley ha logrado reconstruir su vida, junto con su hija, después de que condenaran a su exmarido, Eddie Cal, a pena de muerte por haber cometido una serie de",,https://ww3.lectulandia.co/book/la-mujer-del-asesino/
41,La conversión de Habib,Policíaco,"Habib, un joven marroquí al que Magda contrata para que la ayude de vez en cuando, muere asesinado a las puertas de la casa de la periodista. Este hecho es",,https://ww3.lectulandia.co/book/la-conversion-de-habib/
42,El infierno de cristal,-,"Aquel rascacielos, verdadero gigante de cristal, representaba el triunfo de la arquitectura moderna. ¿Quién iba a imaginar que una simple chispa fuera capaz de destruirlo? Hombres y mujeres, animados por",,https://ww3.lectulandia.co/book/el-infierno-de-cristal/
43,Hacia el fuego,Policíaco,"Cuando dos excursionistas encuentran a un niño traumatizado que deambula solo por un rincón remoto de las montañas Adirondack, en el estado de Nueva York, siguen sus pasos hasta una",,https://ww3.lectulandia.co/book/hacia-el-fuego/
44,El hechizo de Agatha,Histórico/Otros/Romántico,Agatha era tan pobre que ni siquiera tenía apellido. Solo era una más en aquel Londres miserable donde era mejor pasar desapercibido si querías conservar el pellejo. Algo muy difícil,,https://ww3.lectulandia.co/book/el-hechizo-de-agatha/
45,La habitación de las voces,-,"La joven Rachel, que vive ahogada en deudas, no puede creer su suerte. Le han ofrecido un puesto de trabajo en una empresa de éxito. Sin embargo, el edificio antiguo",,https://ww3.lectulandia.co/book/la-habitacion-de-las-voces/
46,El silencio del bosque,-,"En el verano de 1980, tres niñas entraron en un bosque de Minnesota, pero solo una regresó, muda y sin recuerdos. Cuatro décadas después, la detective Evangeline Reed y el",,https://ww3.lectulandia.co/book/el-silencio-del-bosque-jess-lourey/
47,Bombardero,Bélico,"En una calurosa noche de junio de 1943, una fuerza de 700 bombarderos de la RAF se prepara para realizar su bombardeo húmero cuarenta y seis. El jefe de la",,https://ww3.lectulandia.co/book/bombardero/
48,Una fortuna fatal,-,"Godmersham Park, 1797. Tras muchos años separados, Jane Austen se dispone a pasar el verano con su hermano Neddy. Como protegido de la acaudalada viuda del señor Knight y futuro",,https://ww3.lectulandia.co/book/una-fortuna-fatal/
49,Se ha espiado un crimen,-,"Londres, 1922: Lord Reginald «Rex» Bankes-Fernsby ha pasado los años de posguerra persiguiendo distracciones: coches veloces, clubes nocturnos resplandecientes y las promesas vacías de la vibrante noche londinense. Pero cuando",,https://ww3.lectulandia.co/book/se-ha-espiado-un-crimen/
50,Muerte en Rook Hall,-,El exinspector de policía Jackson Brodie está pasando un caso grave de crisis de la mediana edad cuando le piden que vaya a un pueblecito de lo más tranquilo en,,https://ww3.lectulandia.co/book/muerte-en-rook-hall/
51,Lázaro resucitado,-,"Es 2008, y un colapso inesperado sacude las calles de Harlem: un edificio de cinco plantas se derrumba, dejando una nube blanca de escombros que lo cubre todo. Mientras los",,https://ww3.lectulandia.co/book/lazaro-resucitado/
52,Las Muñecas de la Corona,Psicológico/Realista,"Las muñecas de la corona, escrita desde el exilio, es una narración cargada de suspenso en medio de escándalos e ilegalidades que exponen un período de casi dos décadas en",,https://ww3.lectulandia.co/book/las-munecas-de-la-corona/
53,Muerte súbita,-,"El prestigioso instituto cardiológico de Boston ofrece al excelente cardiocirujano Brian Holbrook la oportunidad de volver a ejercer la medicina tras un tiempo de obligado retiro en ese momento, dicha",,https://ww3.lectulandia.co/book/muerte-subita-michael-palmer/
54,El corazón de Ruby,Histórico/Otros/Romántico,Ruby Wickman siempre había sabido que era diferente. Y no solo porque su pelo oscuro y sus ojos avellana contrastaban con los rasgos mucho más claros de sus padres. Pero,,https://ww3.lectulandia.co/book/el-corazon-de-ruby/
55,El misterio de la casa roja (Ed. Círculo del crimen),Policíaco,"Mark Ablett organiza una reunión en su magnífica residencia de la campiña inglesa. Entre los invitados se encuentran Anthony Gillingham y Bill Beverley, quienes se ven envueltos en el misterio",,https://ww3.lectulandia.co/book/el-misterio-de-la-casa-roja-ed-circulo-del-crimen/
56,Las tres familias,Histórico,Un huérfano sin pasado. Una vieja leyenda. Una historia que nos descubre el origen de la mafia italiana. 1957. El destino elige a veces caminos insospechados. Criado en un orfanato,,https://ww3.lectulandia.co/book/las-tres-familias/
57,Grita en el silencio,-,Meghan Michaels intenta encontrar el equilibrio entre su vida personal como madre soltera y su exigente trabajo como enfermera. Todo cambia cuando se ve implicada en el caso de una,,https://ww3.lectulandia.co/book/grita-en-el-silencio/
58,La sangre del vampiro,Psicológico/Terror,"La historia sigue a Harriet Brandt, una joven rica de origen mestizo e hija de un científico loco y una mujer acusada de brujería y vudú. Tras criarse en un",,https://ww3.lectulandia.co/book/la-sangre-del-vampiro/
59,El quinto Evangelio,-,"2004, Museos Vaticanos. Mientras el poder de Juan Pablo II flaquea bajo el manto de la enfermedad, una misteriosa exposición se organiza en el Vaticano. Sin embargo, una semana antes",,https://ww3.lectulandia.co/book/el-quinto-evangelio-2/
60,Pecados nocturnos,-,Deer Lake es un pequeño pueblo de Minnesota en el que todos los vecinos se conocen y el crimen es algo que sólo se ve en los noticieros de la,,https://ww3.lectulandia.co/book/pecados-nocturnos/
61,El último caso de Unamuno,Histórico,"Otoño de 1936. En una Salamanca conquistada por el ejército sublevado, Franco acaba de ser nombrado jefe de Estado y Unamuno está investigando el misterioso suicidio de un catedrático de",,https://ww3.lectulandia.co/book/el-ultimo-caso-de-unamuno/
62,El guardián de los dioses,Aventuras/Histórico,"El final de la orden del temple es solo el principio. Una aventura trepidante. Un misterio nunca antes revelado. 2024, Italia. Cuando un terremoto sacude la pequeña ciudad de Orvieto,",,https://ww3.lectulandia.co/book/el-guardian-de-los-dioses/
63,En directo,-,"Hoy es un gran día para la carrera de la reportera Rose: está entrevistando en directo a uno de los hombres más poderosos del país, en uno de los programas",,https://ww3.lectulandia.co/book/en-directo/
64,Las horas secretas,-,"¿Dónde te escondes cuando descubren tu tapadera? Una nueva novela independiente del «mejor escritor de suspense de Gran Bretaña» y autor de Caballos lentos, la exitosa serie llevada a televisión",,https://ww3.lectulandia.co/book/las-horas-secretas/
65,Culpable como el pecado,-,Deer Lake revive el terror cuando un niño desaparece a pesar de que un sospechoso ya está en prisión. La fiscal Ellen North lidera el caso y descubre que el,,https://ww3.lectulandia.co/book/culpable-como-el-pecado/
66,Resultado final,Policíaco,"En Resultado final, un ladrón legendario a punto de ingresar en prisión para cumplir cadena perpetua planea un robo multimillonario en un casino: un golpe imposible de llevar a cabo",,https://ww3.lectulandia.co/book/resultado-final/
67,El asesinato de Cecily Thane,Policíaco,"El fiscal de distrito de Nueva York, R. Montgomery Tracy, no está pasando por su mejor momento. Acaba de sacar de la cárcel a su hermano Spike, encerrado por embriaguez",,https://ww3.lectulandia.co/book/el-asesinato-de-cecily-thane/
68,Nunca saldrás de aquí,Policíaco,"Úrsula López sabe que en Montevideo nadie está del todo a salvo. Astuta, impredecible y peligrosamente inteligente, ha logrado escapar con el botín de un asalto sangriento. Pero su libertad",,https://ww3.lectulandia.co/book/nunca-saldras-de-aqui/
69,Un caso de matricidio,Policíaco,En la aburrida ciudad de Saint-Louis nunca pasa nada. O eso parece. Pero cuando el jefe de policía Georges Gorski recibe una inquietante denuncia de una anciana que asegura que,,https://ww3.lectulandia.co/book/un-caso-de-matricidio/
70,El secreto de la señorita Primrose,Histórico/Otros/Romántico,Tres vidas muy distintas que convergen en busca de la verdad. Tres caminos que conducirán de manera inevitable a Primrose Lake. Hay un lugar donde los secretos nacen y los,,https://ww3.lectulandia.co/book/el-secreto-de-la-senorita-primrose/
71,La última canción de amor,Romántico,"Enamorarse podría ser el mayor peligro… Sorcha O’Donovan sueña con un futuro lleno de emociones lejos del pueblo irlandés en el que ha crecido. Cuando conoce a Con Daly, un",,https://ww3.lectulandia.co/book/la-ultima-cancion-de-amor/
72,Mate de dos alfiles,Policíaco,"Un anciano aparece muerto en su casa de San Agustín. Todo apunta a un suicidio: dos cajas de ansiolíticos vacías, una botella de whisky y una vida que, tras la",,https://ww3.lectulandia.co/book/mate-de-dos-alfiles/
73,La imagen en el espejo,-,"El fin de la guerra fría y la caída del bloque socialista han sumergido la economía rusa en un caos. El ministro de defensa Dogin, militar megalómano y nostálgico del",,https://ww3.lectulandia.co/book/la-imagen-en-el-espejo/
74,El palacio del agua,Histórico,"Una mujer dividida por su pasado. Un futuro incierto. Un lugar emblemático donde el agua oculta secretos. Mondariz, 1920. Candela comienza a trabajar en el Gran Hotel del balneario, donde",,https://ww3.lectulandia.co/book/el-palacio-del-agua/
75,Jaque al poder,-,"Cuando una misión es demasiado sucia, o demasiado peligrosa, el gobierno sólo puede recurrir al cuerpo de élite formado por los integrantes del Op-Center. Pero ni siquiera ellos están preparados,",,https://ww3.lectulandia.co/book/jaque-al-poder/
76,El hombre que fue Jueves (trad. José Rafael Hernández Arias),Fantástico/Filosófico,"El hombre que fue Jueves, una de las novelas más populares del escritor y polemista británico G. K. Chesterton, pertenece a una variedad literaria peculiar. Aunque su revestimiento externo es",,https://ww3.lectulandia.co/book/el-hombre-que-fue-jueves-trad-jose-rafael-hernandez-arias/
77,La pista de Trent,-,"En la tranquila soledad de rutas rurales se abre un rastro que sólo un hombre puede seguir. Un crimen sutil, una pista que se dobla como un sendero traicionero, y",,https://ww3.lectulandia.co/book/la-pista-de-trent/
78,El secreto desvelado,-,El fenómeno que arrasa en Wattpad. Más de 37 millones de lecturas. Premio Wattys Hannah es una adolescente de dieciséis años enganchada a las redes sociales. Pero un día recibe,,https://ww3.lectulandia.co/book/el-secreto-desvelado/
79,Billie Morgan,-,"Billie ha superado la frontera de los cuarenta años. Regenta una pequeña joyería en Bradford, cuida de su ahijado Natty y, en definitiva, se esfuerza por llevar una vida tranquila",,https://ww3.lectulandia.co/book/billie-morgan/
80,Secretos en las paredes,Romántico,"En 1891, Tilly Kirkland se siente culpable y conmocionada después de que su tempestuoso matrimonio haya terminado en terribles circunstancias. Huyendo al lugar mas lejano que conoce, Tilly consigue un",,https://ww3.lectulandia.co/book/secretos-en-las-paredes/
81,Secretos de sangre,Histórico,"Dos historias de amor unidas por los hilos de la vida y los secretos. Alex Müller, un exitoso médico argentino radicado en Nueva York, ve un día una pintada en",,https://ww3.lectulandia.co/book/secretos-de-sangre/
82,El Holandés Errante,Aventuras/Infantil/Juvenil,"Cuando dije «¡Nos vamos de vacaciones!» después de que el amigo de la tía Paula, lord Thomsing, nos invitara a explorar un barco hundido en el Caribe, solo pensaba en",,https://ww3.lectulandia.co/book/el-holandes-errante/
83,Agatha se cita con la muerte,Policíaco,"Agatha está en peligro, pero lo ignora por completo. Acaba de regresar del Orient Express y ha retomado su vida desconociendo que un peligroso asesino la acecha. Por si esto",,https://ww3.lectulandia.co/book/agatha-se-cita-con-la-muerte/
84,El caso del pictograma,Juvenil,"Para Enola, aparte de su hermano Sherlock, con quien discute a menudo, la señora Tupper, su casera, es lo más parecido a su familia. Pese a estar medio sorda y",,https://ww3.lectulandia.co/book/el-caso-del-pictograma/
85,La señora England,-,"Yorkshire del oeste, 1904. Cuando Ruby May asume la responsabilidad de cuidar a los hijos de Charles y Lilian England, una pareja adinerada perteneciente a una poderosa dinastía de propietarios",,https://ww3.lectulandia.co/book/la-senora-england/
86,Despídete,Policíaco,"Si te atrapa en su telaraña… Tu peor pesadilla se hará realidad… Para Kimberly Quincy, agente del FBI, todo empieza con Delilah Rose, una prostituta embarazada, y lo que le",,https://ww3.lectulandia.co/book/despidete/
87,El caso del abanico rosa,Juvenil,"«Cuidado. Alguien nos observa». Enola Holmes recibe este inquietante mensaje procedente de su amiga Lady Cecily, que utiliza un abanico rosa para comunicarse con ella. La joven dama está siendo",,https://ww3.lectulandia.co/book/el-caso-del-abanico-rosa/
88,El lago de la creación,-,"Finalista del Booker 2024. Sadie Smith, una seductora y astuta espía estadounidense, ha sido enviada por sus misteriosos y poderosos empleadores a un remoto rincón de Francia. Su misión: infiltrarse",,https://ww3.lectulandia.co/book/el-lago-de-la-creacion/
89,Las noches del miedo azul,Histórico/Policíaco,"Tercera entrega de la saga policíaca La brigada de los misterios ocultos. Primavera de 1832. Una epidemia de cólera aterroriza a la población parisina, causa centenares de muertes y hace",,https://ww3.lectulandia.co/book/las-noches-del-miedo-azul/
90,La danza de polvo en los rayos de sol,-,"Una novela a la altura de las mejores sagas de novela negra nórdica. Intriga, suspense y misterio nos adentran en sus páginas. Un protagonista torturado por la vida. Nada es",,https://ww3.lectulandia.co/book/la-danza-de-polvo-en-los-rayos-de-sol/
91,Locura y razón,Histórico,"En 1913, una artista con amnesia perdida se encuentra en un México marcado por la Decena Trágica; un misterioso periodista español que cubre la inminente guerra europea; una prostituta traficante",,https://ww3.lectulandia.co/book/locura-y-razon/
92,Hacia abajo,Drama/Psicológico/Relato,"César, hombre de familia con una vida idílica, una esposa, tres hermosos hijos, el empleo de sus sueños y dos automóviles, lo pierde todo de un día para otro. El",,https://ww3.lectulandia.co/book/hacia-abajo/
93,La noche del kaskarot,-,"Zaida ha tenido una vida sentimental complicada. Después de superar la relación con un exnovio maltratador, está intentando rehacer su vida con André, un chico que parece ser todo lo",,https://ww3.lectulandia.co/book/la-noche-del-kaskarot/
94,El caso de la secretaria insistente (ilustrado),Policíaco,"Della Street, secretaria de Perry Mason, recibió una extraña llamada: ¿cuánto cobraría el famoso abogado por asistir a una sesión del tribunal... sin hacer nada más? Así empieza lo que",,https://ww3.lectulandia.co/book/el-caso-de-la-secretaria-insistente-ilustrado/
95,El susurro del fuego,-,"Tenerife, 2019. Mario y Laura Ardoz, hermanos mellizos, visitan las islas Canarias: él acaba de recibir su última sesión de quimioterapia; ella cree que ese viaje es la mejor manera",,https://ww3.lectulandia.co/book/el-susurro-del-fuego/
96,La isla de los crímenes,-,"En una remota isla inglesa, donde el silencio del mar parece ocultar viejos secretos, un asesinato sacude a una comunidad que vive aferrada a la rutina y las apariencias. Cuando",,https://ww3.lectulandia.co/book/la-isla-de-los-crimenes/
97,El misterio del muérdago,-,"Una Navidad llena de misterio y romance. La entrañable camarera del hotel Regency Grand, Molly Gray, se enfrenta a un nuevo caso que podría cambiar su vida para siempre. Mientras",,https://ww3.lectulandia.co/book/el-misterio-del-muerdago/
98,El hermoso marco de oro,-,"Un retrato de extraordinaria belleza. Un marco de oro macizo. Una mujer dominada por los celos. Y un detective privado dispuesto a aceptar un caso que, en apariencia, no ofrece",,https://ww3.lectulandia.co/book/el-hermoso-marco-de-oro/
99,El caso de la víctima silenciada,Policíaco,"Isabelle Bonnet ha decidido asentarse en Fragolin, el pequeño pueblo de la Provenza francesa donde pasó su infancia. Ya no está al frente del equipo especial de la Policía Nacional,",,https://ww3.lectulandia.co/book/el-caso-de-la-victima-silenciada/
100,La ciudad Bella,Policíaco/Psicológico,Un anciano historiador de la ciudad se ve con Jorge Vila para que escriba un artículo sobre el origen de Barcelona. La creación del Liceu y la maldición que se,,https://ww3.lectulandia.co/book/la-ciudad-bella/
101,La estrategia del impostor,-,Mario Mesa fue una joven promesa de la política que vio truncada su meteórica trayectoria por un desencuentro con la líder de su partido. Desde entonces ocupa la gerencia de,,https://ww3.lectulandia.co/book/la-estrategia-del-impostor/
102,Maud Neville,Histórico/Romántico,"Dicen que estamos hechos de historias y la de Maud Neville la convirtió, en 1879, en una heroína para su ciudad, el Londres victoriano más estricto y cerrado, el de",,https://ww3.lectulandia.co/book/maud-neville/
103,La viuda,-,Simon Latch es un modesto abogado de Virginia que gana lo justo para pagar sus facturas mientras contempla cómo su matrimonio se desmorona poco a poco. Hasta el día en,,https://ww3.lectulandia.co/book/la-viuda-john-grisham/
104,El aullido del agua,-,"Un thriller ambientado en la reserva del delta del Llobregat, donde los secretos familiares del pasado y la tensión política del presente revelarán una trama que pondrá en evidencia la",,https://ww3.lectulandia.co/book/el-aullido-del-agua/
105,La señora de Pedramorta,Histórico,"Galicia, 1882 Elisa viaja desde Madrid a Pedramorta, el pazo familiar que acaba de heredar tras la muerte de su tío. Su plan es simple: transformarlo en una casa de",,https://ww3.lectulandia.co/book/la-senora-de-pedramorta/
106,La Institución,-,"Están encerrados por tu seguridad. Ahora, tú estás encerrado con ellos. La doctora y perfiladora forense Connie Woolwine tiene cinco días para atrapar a un asesino. En una unidad cerrada",,https://ww3.lectulandia.co/book/la-institucion/
107,Un hombre mejor,Policíaco,"Mientras las lluvias torrenciales azotan Three Pines y el nivel del río Bella Bella no para de crecer amenazando con destruirlo todo, Armand Gamache regresa a la Sûreté du Québec,",,https://ww3.lectulandia.co/book/un-hombre-mejor/
108,La niñera,-,"UNA FAMILIA PERFECTA. Cuando Tina, la niñera de los Barclay, muere al caer por la ventana del tercer piso de la lujosa mansión familiar, Rose, la pequeña, se sumerge en",,https://ww3.lectulandia.co/book/la-ninera-sarah-pekkanen/
109,Cuando el viento hable,Drama/Histórico,"Un país en silencio. Un misterio que aún respira. Un drama familiar de posguerra. Sofía nace en el otoño de 1939, tras una tragedia familiar, y crece rodeada de secretos",,https://ww3.lectulandia.co/book/cuando-el-viento-hable/
110,La chica del lago,-,"Quintana Torres es una escritora de éxito y los medios la llaman «la nueva reina del thriller». Durante una firma de ejemplares en Bilbao, se le acerca un antiguo compañero",,https://ww3.lectulandia.co/book/la-chica-del-lago-mikel-santiago/
111,Sonrisas de porcelana,Policíaco,"Falcon Island es un refugio de riqueza donde sus influyentes residentes viven bajo la ilusión de seguridad. Sin embargo, todo cambia cuando Eleanor Vance, la reina de la exclusiva Regata",,https://ww3.lectulandia.co/book/sonrisas-de-porcelana/
112,El tercer hombre (Ed. Círculo del Crimen),-,"Viena, 1947. Una ciudad ocupada por las potencias vencedoras, donde las sombras son más densas que la niebla y donde la verdad tiene un precio demasiado alto. Rollo Martins llega",,https://ww3.lectulandia.co/book/el-tercer-hombre-ed-circulo-del-crimen/
113,Crimen en Altea Hills,-,"El thriller mediterráneo que esconde un secreto mortal bajo el sol de la Costa Blanca. Gabriel Caballero solo buscaba un verano tranquilo en Altea. Sol, silencio y olvido. Pero cuando",,https://ww3.lectulandia.co/book/crimen-en-altea-hills/
114,La finca,-,Unas señas en un posavasos con una palabra indescifrable y un dibujo de dos siluetas femeninas cambiará para siempre el destino de la joven periodista Claudia Abril. Recién designada corresponsal,,https://ww3.lectulandia.co/book/la-finca/
115,La educación de las mariposas,-,"Una casa de madera arde en mitad de la noche. Las llamas iluminan el paisaje nevado y, cuando el silencio del valle se quiebra con el rugido del fuego, nada",,https://ww3.lectulandia.co/book/la-educacion-de-las-mariposas/
116,Los dos,Policíaco,"Cuando una pareja de ancianos es asesinada, entra en acción un joven juez que quiere resolver el crimen rápidamente para demostrar su valía. Sin embargo, pronto descubre que nada es",,https://ww3.lectulandia.co/book/los-dos/
117,El secuestro de Trent,-,"Antonio Trent, antiguo ladrón de guante blanco y ahora respetado caballero, disfruta de una vida aparentemente tranquila en su mansión a orillas del Hudson. Pero su sensibilidad psíquica —herencia de",,https://ww3.lectulandia.co/book/el-secuestro-de-trent/
118,Aún no estoy muerta,-,"Dentro de siete días, Jet Mason estará muerta. Jet tiene veintisiete años y sigue atrapada en Woodstock, el pueblo de Vermont en el que nació, a la espera de que",,https://ww3.lectulandia.co/book/aun-no-estoy-muerta/
119,El cuaderno nocturno,Policíaco,"Un thriller vertiginoso cargado de ciencia y tensión protagonizado por la brillante astrofísica Estrella Noval y el peculiar detective Tobías Satrústegui. Tras ser la más prometedora de su generación, la",,https://ww3.lectulandia.co/book/el-cuaderno-nocturno/
120,Sherlock Holmes en el Lejano Oeste,Aventuras/Humor/Policíaco/Relato,Imagina combinar el suspenso de un clásico detective inglés con la aventura y el caos del Viejo Oeste americano. Eso es exactamente lo que propone Mark Twain en «Sherlock Holmes,,https://ww3.lectulandia.co/book/sherlock-holmes-en-el-lejano-oeste/
121,El caso cero,Policíaco,Amanda tenía dieciocho años cuando fue asesinada en un parque en plena noche. Nadie ha podido explicar qué hacía allí y la única pista es un espejo de mano antiguo,,https://ww3.lectulandia.co/book/el-caso-cero/
122,La montaña muerta,Aventuras,"En 2008, un grupo de nueve montañeros, estudiantes de ingeniería, no regresó de una travesía por las montañas Manzano, en Nuevo México. El equipo de rescate localizó el último campamento",,https://ww3.lectulandia.co/book/la-montana-muerta/
123,Bacon,Policíaco,"En Las Palmas de Gran Canaria, un hallazgo macabro sacude la rutina de la ciudad: un brazo amputado aparece en un contenedor, con un tatuaje que solo puede pertenecer a",,https://ww3.lectulandia.co/book/bacon/
124,Hay algo malo en casa,Terror,"Para Bela, de ocho años, su familia es todo su mundo. Están sus padres y la abuela Ruth. Pero también está la Otra Mamá, un ser que vive en su",,https://ww3.lectulandia.co/book/hay-algo-malo-en-casa/
125,Operación Terror,Policíaco,"Kelly Sherwood, una joven cajera de banco en San Francisco, es atacada por un desconocido llamado Red Lynch. Este agresor la obliga a robar cien mil dólares del banco donde",,https://ww3.lectulandia.co/book/operacion-terror/
126,La casa de los extraños huéspedes,Policíaco,"Maurice Mostyn es un anfitrión impecable. Su mansión londinense acoge a menudo a huéspedes de toda índole para reuniones de negocios, aunque la naturaleza de estos sea muy poco clara.",,https://ww3.lectulandia.co/book/la-casa-de-los-extranos-huespedes/
127,La hora de la fuga,Policíaco,"Nadie debería morir en una noche de este otoño cálido, en la que las nubes han descargado por fin. Nadie debería morir en su noche de bodas. El descubrimiento del",,https://ww3.lectulandia.co/book/la-hora-de-la-fuga/
128,El enigma de Anne Wallace,-,"Anne Wallace es la mejor pianista del mundo, pero también es una mujer excéntrica e impredecible. Famosa por su inteligencia sublime y por su gusto por lo ancestral, toca un",,https://ww3.lectulandia.co/book/el-enigma-de-anne-wallace/
129,Cuando es invierno en el mar del norte,-,"El cadáver de Antonio Trigo aparece en una playa cercana a la tormentosa Isla de Or, un entorno prácticamente inaccesible oculto bajo el espeso manto de la leyenda. En la",,https://ww3.lectulandia.co/book/cuando-es-invierno-en-el-mar-del-norte/
130,La caza del ejecutor,Policíaco,"En octubre de 2024, Mijaíl Serkin, máximo responsable del servicio de inteligencia exterior ruso, huye con su familia a las Maldivas. Su deserción está a punto de desencadenar una operación",,https://ww3.lectulandia.co/book/la-caza-del-ejecutor/
131,La huésped de la Casa Amarilla,Histórico,"Un hotel de lujo que encierra una maldición. Una misteriosa huésped llegada desde Alemania. La extraña conexión entre los nazis y el régimen de Franco. Tenerife, islas Canarias, 1940. Tamara",,https://ww3.lectulandia.co/book/la-huesped-de-la-casa-amarilla/
132,El secreto de La Indiana,Histórico,"Una extraña muerte. Dos hermanos en la ruina. Y la llegada de una desconocida inversora que oculta un gran secreto. Isla de la Palma, 1876. Miguel y Alejandro son gemelos",,https://ww3.lectulandia.co/book/el-secreto-de-la-indiana/
133,Ze,Aventuras,"Hielo y viento Dhumbria es un lugar remoto y oscuro, rodeado de una mar que engulle a quienes intentan abandonarlo y donde los hombres llevan su historia tatuada en la",,https://ww3.lectulandia.co/book/ze/
134,Sin decir adiós,-,"Maggie McCabe se encuentra al borde del abismo. Como cirujana de guerra del ejército siempre ha vivido al límite, pero ahora su vida parece caer en picado. Tras una devastadora",,https://ww3.lectulandia.co/book/sin-decir-adios/
135,El misterio del cisne negro,Policíaco,"Japón, años sesenta. Poco antes del amanecer, el cuerpo de un alto empresario de una fábrica textil aparece junto a las vías del tren, cerca de la estación de Kuki,",,https://ww3.lectulandia.co/book/el-misterio-del-cisne-negro/
136,No tengas miedo,Policíaco,"Cuando el Departamento de Policía de Buckeye City recibe una carta de alguien que pretende «matar a trece inocentes y a un culpable» para expiar una muerte innecesaria, la detective",,https://ww3.lectulandia.co/book/no-tengas-miedo/
137,El invierno llegó sin avisar,Drama,"Un thriller literario oscuro, femenino y visceral sobre la violencia del deseo, la envidia creativa y la pulsión de escribir. Durante un invierno insólito en la Ciudad de México, Eugenia",,https://ww3.lectulandia.co/book/el-invierno-llego-sin-avisar/
138,Arroyo Flint Kill,Psicológico/Relato,"Joyce Carol Oates, una de las referentes indiscutibles de la narrativa contemporánea, nos arrastra en estas doce historias a los rincones más oscuros del alma humana. Con su inconfundible estilo,",,https://ww3.lectulandia.co/book/arroyo-flint-kill/
139,Defectos perfectos,Psicológico,"Un thriller apasionante y deliciosamente oscuro sobre el matrimonio y la venganza. Es el mejor día de la vida del escritor Grady Green, pero se convertirá en el peor. Cuando",,https://ww3.lectulandia.co/book/defectos-perfectos-alice-feeney/
140,Nos falta un muerto,Drama,"Bruno acaba de perder a Sara, su compañera de vida. El mundo ha dejado de tener sentido, las rutinas se convierten en escombros, y el silencio pesa como una losa",,https://ww3.lectulandia.co/book/nos-falta-un-muerto/
141,La línea de la venganza,-,"Narcotráfico, corrupción y altas dosis de intriga en un thriller ambientado en el Cádiz más cruento. En esta historia no encontrarás héroes, solo cazadores y presas. Y Lola está a",,https://ww3.lectulandia.co/book/la-linea-de-la-venganza/
142,Autopsia,Policíaco,"Kay Scarpetta no lleva ni un mes en su nuevo trabajo en Virginia cuando se reclama su presencia en una escena criminal junto a una vía de tren, donde ha",,https://ww3.lectulandia.co/book/autopsia/
143,En mitad de la noche,-,Cuanto más te acerques a la verdad más evidente será que ningún lugar es seguro. La peor tragedia del idílico vecindario de Hemlock Circle ocurrió en la residencia de Ethan,,https://ww3.lectulandia.co/book/en-mitad-de-la-noche/
144,Un juego mortal,-,La abogada Keera Duggan estaba construyendo una prometedora carrera como fiscal en Seattle hasta que una relación fallida con un colega la obligó a abandonar la fiscalía y volver al,,https://ww3.lectulandia.co/book/un-juego-mortal-robert-dugoni/
145,Trampa para Cenicienta (ilustrado),-,"Me llamo Michèle Isola, tengo veinte años. La historia que les cuento es la historia de un asesinato. Soy el investigador, soy el testigo, soy la víctima, soy el asesino,",,https://ww3.lectulandia.co/book/trampa-para-cenicienta-ilustrado/
146,Presagio,Histórico,"Monasterio de San Julián de Samos, Lugo, 1951. Dos novicios se ven envueltos en un accidente que desencadena un incendio en la licorería del edificio. Mientras uno resulta gravemente herido,",,https://ww3.lectulandia.co/book/presagio-juan-de-onate/
147,Jalila,Policíaco,"El eco de sus pisadas resuena a lo largo del pasillo en una melodía rítmica, la banda sonora de la muerte. Camina despacio, solemne, quizá demasiado para el momento, sosteniendo",,https://ww3.lectulandia.co/book/jalila/
148,Confía en lo que ves,-,"Thomas Kilbride es un esquizofrénico obsesionado con los mapas, que rara vez sale de su habitación. Pero, gracias a un programa informático llamado Whirl360.com, viaja por el mundo sin siquiera",,https://ww3.lectulandia.co/book/confia-en-lo-que-ves/
149,Al subir la marea,-,"Zarauz, 1568. Bartolomé de Irigoyen, maestro astillero, lucha por preservar su legado tras el desastre sufrido en la construcción del galeón más ambicioso de su carrera: la Santa María. En",,https://ww3.lectulandia.co/book/al-subir-la-marea/
