titulo,autores,generos,serie,sinopsis,url_libro,categoria_origen,fecha_extraccion,url_portada
Misteriosa noche de paz,"[""Sophie Hannah""]","[""Intriga"", ""Novela"", ""Policíaco""]",Nuevos misterios de Poirot,"¿Será capaz Hércules Poirot de resolver un misterioso asesinato a tiempo para celebrar la navidad? 19 de diciembre de 1931. Hércules Poirot y el inspector Edward Catchpool son requeridos por la policía para investigar el extraño asesinato de un hombre en el ala de seguridad del Hospital de Norfolk. Cynthia Catchpool, la madre del inspector, insiste en que ambos se alojen en su mansión para celebrar juntos las fiestas de Navidad mientras resuelven el caso. Arnold, un buen amigo de Cynthia, será intervenido muy pronto en ese mismo hospital y su familia está convencida de que él será la próxima víctima del asesino. Poirot tiene menos de una semana para resolver el crimen, evitar más asesinatos y celebrar las fiestas de forma tranquila.",https://ww3.lectulandia.co/book/misteriosa-noche-de-paz/,Thriller / Intriga,2026-09-10,https://assets.lectulandia.co/b/ab/Sophie%20Hannah/Misteriosa%20noche%20de%20paz%20(12)/big.jpg
Yo no soy Sherlock Holmes,"[""Javier Cosnava"", ""Teresa Ortiz-Tagle""]","[""Intriga"", ""Novela"", ""Policíaco""]",Los casos de Héracles y Agatha,"Arthur Conan Doyle, el famoso creador de Sherlock Holmes, pide ayuda a Agatha Christie. Está enfermo y a las puertas de la muerte; antes de marchar quiere solucionar un asunto de vital importancia para él. La escritora recuerda entonces un caso resuelto por su tía Margaret (la verdadera Miss Marple) y junto a Polrot intentará probar una increíble teoría que tal vez resuelva el problema de su amigo Arthur.",https://ww3.lectulandia.co/book/yo-no-soy-sherlock-holmes/,Thriller / Intriga,2026-09-10,https://assets.lectulandia.co/b/ab/Javier%20Cosnava/Yo%20no%20soy%20Sherlock%20Holmes%20(16)/big.jpg
Réquiem,"[""Rick Mofina""]","[""Intriga"", ""Novela"", ""Policíaco""]",Ray Wyatt,"Cuando Wanda Stroud, una bibliotecaria jubilada, vuela de regreso a Los Ángeles desde Ciudad de México, ve algo inquietante en el ordenador portátil del pasajero que tiene delante. Al día siguiente, Wanda había quedado con una amiga para tomar café, pero no apareció, algo muy inusual en ella. El periodista Ray Wyatt investiga la desaparición mientras se aferra a la esperanza de que su hijo, Danny, todavía esté vivo.",https://ww3.lectulandia.co/book/requiem-rick-mofina/,Thriller / Intriga,2026-09-10,https://assets.lectulandia.co/b/ab/Rick%20Mofina/Requiem%20(3)/big.jpg
Mentira,"[""Juan Gómez-Jurado""]","[""Intriga"", ""Novela""]",,"Mi trabajo es mentir, pero contigo no voy a hacerlo. Respeto demasiado tu inteligencia. O quizás es el miedo a la muerte inminente lo que hace que te diga la verdad. A ti no voy a mentirte, aunque vas a observarme mentir a otras personas. Te garantizo que no has visto nunca nada igual. No me llamo Eva Ramos. Tú vas a llamarme así.",https://ww3.lectulandia.co/book/mentira-juan-gomez-jurado/,Thriller / Intriga,2026-09-10,https://assets.lectulandia.co/b/ab/Juan%20GomezJurado/Mentira%20(30)/big.jpg
El aprendiz de carnicero,"[""Patrick McCabe""]","[""Intriga"", ""Novela"", ""Psicológico""]",,"Francie Brady no es como los demás chicos. El suicidio de su madre, un padre fracasado y borracho, la perversión de quienes tienen la responsabilidad de reformarlo, una sociedad pequeña y mezquina… Demasiado para Francie, con una sensibilidad a flor de piel y una violencia cada vez más sádica y terrible. Incomprendido, herido y solo, únicamente sabe expresarse a través de la agresión. Y el trabajo como ayudante del carnicero es sin duda un buen entrenamiento para la crueldad. Sus palabras, teñidas de un gélido humor negro y en ocasiones de una ternura desconcertante, son el relato de una brutal metamorfosis: la que lleva a un niño rebelde a convertirse en un criminal.",https://ww3.lectulandia.co/book/el-aprendiz-de-carnicero/,Thriller / Intriga,2026-09-10,https://assets.lectulandia.co/b/ab/Patrick%20McCabe/El%20aprendiz%20de%20carnicero%20(1)/big.jpg
El enigma romano,"[""Lynn Morrison""]","[""Intriga"", ""Novela""]",Los misterios de Dora y Rex,"Una carrera contrarreloj para descubrir la verdad, con el futuro de un viejo amigo en juego. Roma, 1923. Las vacaciones de Rex y Dora terminan bruscamente cuando reciben un mensaje urgente desde Roma. Los Carabinieri han arrestado al embajador británico. La acusación es por asesinato. El embajador es un viejo amigo de Dora. La víctima —una joven mujer— no ha sido identificada. Un testigo sitúa al embajador en la escena y las pruebas apuntan a su culpabilidad. Pero si los Carabinieri se equivocan, este simple caso se convertirá en un incidente internacional. Rex y Dora se enfrentan a su enigma más difícil hasta la fecha. Primero, deben identificar a la víctima. Solo entonces podrán determinar quién tenía un motivo para matar. Pero en la ciudad eterna, el pasado y el presente se entrelazan. Viejas llamas regresan, antiguos rencores resurgen, y los arrepentimientos tienen consecuencias. Antes de que el caso termine, deberán responder a un enigma. ¿Qué es más importante: resolver el caso o salvar la vida de un amigo?",https://ww3.lectulandia.co/book/el-enigma-romano/,Thriller / Intriga,2026-09-10,https://assets.lectulandia.co/b/ab/Lynn%20Morrison/El%20enigma%20romano%20(1)/big.jpg
El novio,"[""Freida McFadden""]","[""Intriga"", ""Novela"", ""Psicológico""]",,"Ella busca al hombre perfecto. Él busca a la víctima perfecta. Sydney Shaw, como todas las mujeres solteras de Nueva York, tiene una suerte nefasta con las citas. Lo ha visto todo: hombres que mienten en su perfil online, hombres que le endosan la cuenta de la cena y, lo peor de todo, hombres que no pueden dejar de hablar de su madre. Pero, por fin, la fortuna se ha puesto de su parte. Acaba de conocer a un chico que resulta absolutamente perfecto. Es guapo, encantador y trabaja como médico en un hospital. Sydney está deslumbrada. Entonces, el brutal asesinato de una joven —la última en una serie de muertes similares por toda la ciudad— comienza a desesperar a la policía. ¿El principal sospechoso? Un hombre misterioso que había tenido una cita con sus víctimas antes de matarlas. Sydney debería sentirse segura. Después de todo, está saliendo con el hombre de sus sueños. Pero no consigue librarse de la sospecha de que el novio perfecto puede no serlo tanto como parece. Porque alguien está vigilando todos sus movimientos y, si no descubre la verdad, podría ser la próxima víctima…",https://ww3.lectulandia.co/book/el-novio/,Thriller / Intriga,2026-09-10,https://assets.lectulandia.co/b/ab/Freida%20McFadden/El%20novio%20(10)/big.jpg
La muñeca encadenada,"[""Alistair MacLean""]","[""Intriga"", ""Novela"", ""Policíaco""]",Círculo del Crimen,"Paul Sherman, agente de la Oficina de Estupefacientes de Interpol, llega a Ámsterdam con una misión muy concreta: poner al descubierto una poderosa organización internacional dedicada al tráfico de heroína. Pero antes de abandonar siquiera el aeropuerto de Schiphol, su contacto es asesinado a tiros. Sherman comprende entonces que alguien ha descubierto su misión y que la organización está dispuesta a todo con tal de proteger su lucrativo negocio. A partir de ese momento, el agente se verá envuelto en una peligrosa partida en la que nadie parece ser quien dice y donde cada pista puede conducirle directamente a una trampa. Asesinos profesionales, confidentes, policías y traficantes se mueven entre los canales y las calles de Ámsterdam mientras Sherman lucha contra un enemigo invisible que parece conocer todos sus pasos. Una investigación trepidante, cargada de violencia, suspense y sorpresas, que llevará al agente hasta el corazón mismo de una siniestra organización criminal.",https://ww3.lectulandia.co/book/la-muneca-encadenada/,Thriller / Intriga,2026-09-10,https://assets.lectulandia.co/b/ab/Alistair%20MacLean/La%20muneca%20encadenada%20(15)/big.jpg
Hundida,"[""Colleen Hoover""]","[""Intriga"", ""Novela"", ""Policíaco""]",,"Sus palabras solían causar absoluta devoción, pero una reacción viral en contra de su última adaptación cinematográfica obliga a la escritora Petra Rose a tomarse un descanso. Señalada como un fraude y como una oportunista hambrienta de fama, Petra aprende de la peor manera lo que sucede cuando internet se vuelve en tu contra, y desde entonces pierde toda inspiración para escribir. Ahora, con su próxima novela de suspense esbozada y los ahorros casi agotados, Petra se refugia en una cabaña aislada junto a un lago, con la esperanza de volver a escribir. Es el último intento por salvar su carrera… y a sí misma. Entonces, aparece él. El detective Nathaniel Saint y su presencia encienden en ella una creatividad que creía apagada. Las palabras regresan y, poco a poco, Saint se convierte en su musa. Pero juntos se verán envueltos en un juego peligroso, uno en el que se desdibujan las líneas entre ficción y realidad. Cuando Saint comienza a tomarse su papel en la carrera de Petra demasiado en serio, ella se ve obligada a enfrentarse al caos que ha creado si quiere recuperar su reputación. «Uno de los libros más oscuros que he escrito». Colleen Hoover",https://ww3.lectulandia.co/book/hundida/,Thriller / Intriga,2026-09-10,https://assets.lectulandia.co/b/ab/Colleen%20Hoover/Hundida%20(18)/big.jpg
Maldito Mr. White,"[""Anny Peterson""]","[""Erótico"", ""Humor"", ""Intriga"", ""Novela"", ""Romántico""]",Malditos CEO,"¿Qué es lo peor que te puede pasar cuando canalizas todo tu odio laboral en una cuenta de Instagram llamada @MalditoJefe? Yo te lo digo, que tu jefe, el heredero del imperio de diamantes más influyente del país, el hombre más frío, obsesivo y controlador que has conocido en tu vida, la descubra… y lea un post en el que confiesas que lo que más detestas de él es «lo increíblemente bueno que está». ¿Y quién, en su sano juicio, aceptaría una proposición indecente a cambio de no despedirme y olvidar mi pequeña traición? Una servidora… Total, ¿qué podría salir mal? Pues todo. Porque White no es solo un CEO imposible. Es la punta de un diamante que oculta sombras muy un mundo de secretos, contactos clandestinos y alianzas tan sucias como los deseos que despierta en mí. Dicen que los diamantes deslumbran. Pero en manos equivocadas, también pueden cortan.",https://ww3.lectulandia.co/book/maldito-mr-white/,Thriller / Intriga,2026-09-10,https://assets.lectulandia.co/b/ab/Anny%20Peterson/Maldito%20Mr%20White%20(20)/big.jpg
La extinción de Irena Rey,"[""Jennifer Croft""]","[""Intriga"", ""Novela""]",,"Un thriller literario fascinante sobre los entresijos de la escritura y la traducción. La gran escritora polaca Irena Rey, novelista genial y eminente cuyo nombre suena cada año en las apuestas para el Nobel, acaba de concluir su última obra en casi completo aislamiento. Y ha convocado como siempre a sus ocho traductores —Inglés, Alemán, Francés, Ucraniano, Serbio, Esloveno, Sueco y Español— para que acudan a reunirse con ella en su casa, situada en las lindes del bosque de Białowieża, una de las últimas grandes reservas naturales de Europa. Allí trabajarán todos juntos en la que esperan sea la obra maestra que la consagre de una vez y para siempre como la gran voz de la literatura polaca, de la literatura europea, incluso: tal vez como la mejor escritora viva del mundo. Pero a los pocos días de su llegada, Irena Rey desaparece sin dejar rastro. Los ocho traductores, que profesan una devoción hilarantemente servil por su autora, se lanzan de inmediato en su búsqueda por ese antiguo refugio boscoso, con sus hongos y líquenes embriagadores: miles de especies extinguidas en otras latitudes, amenazadas por un inminente colapso medioambiental. Todo ello al tiempo que registran las exóticas pertenencias de Irena, estudian sus textos en busca de pistas y emprenden, sin instrucciones claras con que proceder, las respectivas traducciones de su ambiguo manuscrito. En el camino, sin embargo, descubrirán secretos y engaños que los obligarán a enfrentarse a sus diferencias. Cada vez más paranoicos, inmersos en una espiral de aislamiento y obsesión, pronto se verán envueltos en una red de rivalidad y deseo que amenaza no solo su trabajo, sino el destino de su venerada autora. Combinando elementos propios del thriller, la sátira y la ficción distópica, y con el telón de fondo de un bosque primigenio amenazado por la mano del hombre y su obsesión por el artificio, la galardonada traductora Jennifer Croft salta ahora a las tablas para abordar la posibilidad de la extinción de nuestra especie a través del cuestionamiento del rol del creador como ente aislado y de la función cultural y artística de la literatura. Un debut sugerente y frenético, con ecos de innumerables autores preocupados por la traducción y la interpretación, el palimpsesto y el desdoblamiento (Pirandello, Bolaño, Sebald, Nabokov), que analiza el lado más oscuro de la creación artística, sus ambiciones y fracasos feroces.",https://ww3.lectulandia.co/book/la-extincion-de-irena-rey/,Thriller / Intriga,2026-09-10,https://assets.lectulandia.co/b/ab/Jennifer%20Croft/La%20extincion%20de%20Irena%20Rey%20(1)/big.jpg
